Ticker,Name,Sector,Asset Class
AAPL,APPLE INC,Information Technology,Equity
NVDA,NVIDIA CORP,Information Technology,Equity
MSFT,MICROSOFT CORP,Information Technology,Equity
AMZN,AMAZON COM INC,Consumer Discretionary,Equity
META,META PLATFORMS INC CLASS A,Communication,Equity
GOOGL,ALPHABET INC CLASS A,Communication,Equity
AVGO,BROADCOM INC,Information Technology,Equity
TSLA,TESLA INC,Consumer Discretionary,Equity
GOOG,ALPHABET INC CLASS C,Communication,Equity
BRKB,BERKSHIRE HATHAWAY INC CLASS B,Financials,Equity
JPM,JPMORGAN CHASE & CO,Financials,Equity
LLY,ELI LILLY,Health Care,Equity
V,VISA INC CLASS A,Financials,Equity
XOM,EXXON MOBIL CORP,Energy,Equity
UNH,UNITEDHEALTH GROUP INC,Health Care,Equity
COST,COSTCO WHOLESALE CORP,Consumer Staples,Equity
MA,MASTERCARD INC CLASS A,Financials,Equity
NFLX,NETFLIX INC,Communication,Equity
WMT,WALMART INC,Consumer Staples,Equity
HD,HOME DEPOT INC,Consumer Discretionary,Equity
PG,PROCTER & GAMBLE,Consumer Staples,Equity
JNJ,JOHNSON & JOHNSON,Health Care,Equity
ABBV,ABBVIE INC,Health Care,Equity
BAC,BANK OF AMERICA CORP,Financials,Equity
CRM,SALESFORCE INC,Information Technology,Equity
ORCL,ORACLE CORP,Information Technology,Equity
CVX,CHEVRON CORP,Energy,Equity
KO,COCA-COLA,Consumer Staples,Equity
WFC,WELLS FARGO,Financials,Equity
CSCO,CISCO SYSTEMS INC,Information Technology,Equity
ACN,ACCENTURE PLC CLASS A,Information Technology,Equity
PLTR,PALANTIR TECHNOLOGIES INC CLASS A,Information Technology,Equity
IBM,INTERNATIONAL BUSINESS MACHINES CO,Information Technology,Equity
PM,PHILIP MORRIS INTERNATIONAL INC,Consumer Staples,Equity
ABT,ABBOTT LABORATORIES,Health Care,Equity
GE,GE AEROSPACE,Industrials,Equity
MCD,MCDONALDS CORP,Consumer Discretionary,Equity
LIN,LINDE PLC,Materials,Equity
ISRG,INTUITIVE SURGICAL INC,Health Care,Equity
MRK,MERCK & CO INC,Health Care,Equity
ADBE,ADOBE INC,Information Technology,Equity
TMO,THERMO FISHER SCIENTIFIC INC,Health Care,Equity
GS,GOLDMAN SACHS GROUP INC,Financials,Equity
NOW,SERVICENOW INC,Information Technology,Equity
DIS,WALT DISNEY,Communication,Equity
PEP,PEPSICO INC,Consumer Staples,Equity
QCOM,QUALCOMM INC,Information Technology,Equity
T,AT&T INC,Communication,Equity
AMD,ADVANCED MICRO DEVICES INC,Information Technology,Equity
AXP,AMERICAN EXPRESS,Financials,Equity
VZ,VERIZON COMMUNICATIONS INC,Communication,Equity
CAT,CATERPILLAR INC,Industrials,Equity
SPGI,S&P GLOBAL INC,Financials,Equity
BKNG,BOOKING HOLDINGS INC,Consumer Discretionary,Equity
TXN,TEXAS INSTRUMENT INC,Information Technology,Equity
RTX,RTX CORP,Industrials,Equity
UBER,UBER TECHNOLOGIES INC,Industrials,Equity
MS,MORGAN STANLEY,Financials,Equity
INTU,INTUIT INC,Information Technology,Equity
C,CITIGROUP INC,Financials,Equity
AMGN,AMGEN INC,Health Care,Equity
BSX,BOSTON SCIENTIFIC CORP,Health Care,Equity
PGR,PROGRESSIVE CORP,Financials,Equity
UNP,UNION PACIFIC CORP,Industrials,Equity
PFE,PFIZER INC,Health Care,Equity
LOW,LOWES COMPANIES INC,Consumer Discretionary,Equity
BLK,BLACKROCK INC,Financials,Equity
TJX,TJX INC,Consumer Discretionary,Equity
AMAT,APPLIED MATERIAL INC,Information Technology,Equity
NEE,NEXTERA ENERGY INC,Utilities,Equity
SYK,STRYKER CORP,Health Care,Equity
CMCSA,COMCAST CORP CLASS A,Communication,Equity
APP,APPLOVIN CORP CLASS A,Information Technology,Equity
SCHW,CHARLES SCHWAB CORP,Financials,Equity
DHR,DANAHER CORP,Health Care,Equity
HON,HONEYWELL INTERNATIONAL INC,Industrials,Equity
FI,FISERV INC,Financials,Equity
BA,BOEING,Industrials,Equity
GILD,GILEAD SCIENCES INC,Health Care,Equity
TMUS,T MOBILE US INC,Communication,Equity
PANW,PALO ALTO NETWORKS INC,Information Technology,Equity
SBUX,STARBUCKS CORP,Consumer Discretionary,Equity
ADP,AUTOMATIC DATA PROCESSING INC,Industrials,Equity
COP,CONOCOPHILLIPS,Energy,Equity
ETN,EATON PLC,Industrials,Equity
DE,DEERE,Industrials,Equity
MDT,MEDTRONIC PLC,Health Care,Equity
BX,BLACKSTONE INC,Financials,Equity
VRTX,VERTEX PHARMACEUTICALS INC,Health Care,Equity
MMC,MARSH & MCLENNAN INC,Financials,Equity
PLD,PROLOGIS REIT INC,Real Estate,Equity
ANET,ARISTA NETWORKS INC,Information Technology,Equity
MU,MICRON TECHNOLOGY INC,Information Technology,Equity
BMY,BRISTOL MYERS SQUIBB,Health Care,Equity
CB,CHUBB LTD,Financials,Equity
ADI,ANALOG DEVICES INC,Information Technology,Equity
LRCX,LAM RESEARCH CORP,Information Technology,Equity
CRWD,CROWDSTRIKE HOLDINGS INC CLASS A,Information Technology,Equity
KLAC,KLA CORP,Information Technology,Equity
INTC,INTEL CORPORATION CORP,Information Technology,Equity
GEV,GE VERNOVA INC,Industrials,Equity
CEG,CONSTELLATION ENERGY CORP,Utilities,Equity
KKR,KKR AND CO INC,Financials,Equity
ICE,INTERCONTINENTAL EXCHANGE INC,Financials,Equity
SPOT,SPOTIFY TECHNOLOGY SA,Communication,Equity
SO,SOUTHERN,Utilities,Equity
WELL,WELLTOWER INC,Real Estate,Equity
WM,WASTE MANAGEMENT INC,Industrials,Equity
MRVL,MARVELL TECHNOLOGY INC,Information Technology,Equity
MO,ALTRIA GROUP INC,Consumer Staples,Equity
ELV,ELEVANCE HEALTH INC,Health Care,Equity
EQIX,EQUINIX REIT INC,Real Estate,Equity
PH,PARKER-HANNIFIN CORP,Industrials,Equity
LMT,LOCKHEED MARTIN CORP,Industrials,Equity
AMT,AMERICAN TOWER REIT CORP,Real Estate,Equity
CME,CME GROUP INC CLASS A,Financials,Equity
NKE,NIKE INC CLASS B,Consumer Discretionary,Equity
DUK,DUKE ENERGY CORP,Utilities,Equity
APO,APOLLO GLOBAL MANAGEMENT INC,Financials,Equity
UPS,UNITED PARCEL SERVICE INC CLASS B,Industrials,Equity
SHW,SHERWIN WILLIAMS,Materials,Equity
CVS,CVS HEALTH CORP,Health Care,Equity
MCO,MOODYS CORP,Financials,Equity
TT,TRANE TECHNOLOGIES PLC,Industrials,Equity
MDLZ,MONDELEZ INTERNATIONAL INC CLASS A,Consumer Staples,Equity
APH,AMPHENOL CORP CLASS A,Information Technology,Equity
MMM,3M,Industrials,Equity
CDNS,CADENCE DESIGN SYSTEMS INC,Information Technology,Equity
CI,CIGNA,Health Care,Equity
SNPS,SYNOPSYS INC,Information Technology,Equity
AJG,ARTHUR J GALLAGHER,Financials,Equity
PYPL,PAYPAL HOLDINGS INC,Financials,Equity
CMG,CHIPOTLE MEXICAN GRILL INC,Consumer Discretionary,Equity
XTSLA,BLK CSH FND TREASURY SL AGENCY,Cash and/or Derivatives,Money Market
PNC,PNC FINANCIAL SERVICES GROUP INC,Financials,Equity
MCK,MCKESSON CORP,Health Care,Equity
COF,CAPITAL ONE FINANCIAL CORP,Financials,Equity
ORLY,OREILLY AUTOMOTIVE INC,Consumer Discretionary,Equity
AON,AON PLC CLASS A,Financials,Equity
ITW,ILLINOIS TOOL INC,Industrials,Equity
DASH,DOORDASH INC CLASS A,Consumer Discretionary,Equity
CRH,CRH PUBLIC LIMITED PLC,Materials,Equity
USB,US BANCORP,Financials,Equity
EOG,EOG RESOURCES INC,Energy,Equity
MSI,MOTOROLA SOLUTIONS INC,Information Technology,Equity
ZTS,ZOETIS INC CLASS A,Health Care,Equity
TDG,TRANSDIGM GROUP INC,Industrials,Equity
FTNT,FORTINET INC,Information Technology,Equity
CTAS,CINTAS CORP,Industrials,Equity
EMR,EMERSON ELECTRIC,Industrials,Equity
REGN,REGENERON PHARMACEUTICALS INC,Health Care,Equity
ABNB,AIRBNB INC CLASS A,Consumer Discretionary,Equity
APD,AIR PRODUCTS AND CHEMICALS INC,Materials,Equity
CL,COLGATE-PALMOLIVE,Consumer Staples,Equity
WMB,WILLIAMS INC,Energy,Equity
ECL,ECOLAB INC,Materials,Equity
GD,GENERAL DYNAMICS CORP,Industrials,Equity
ADSK,AUTODESK INC,Information Technology,Equity
BDX,BECTON DICKINSON,Health Care,Equity
MAR,MARRIOTT INTERNATIONAL INC CLASS A,Consumer Discretionary,Equity
BK,BANK OF NEW YORK MELLON CORP,Financials,Equity
CSX,CSX CORP,Industrials,Equity
HLT,HILTON WORLDWIDE HOLDINGS INC,Consumer Discretionary,Equity
TFC,TRUIST FINANCIAL CORP,Financials,Equity
RCL,ROYAL CARIBBEAN GROUP LTD,Consumer Discretionary,Equity
ROP,ROPER TECHNOLOGIES INC,Information Technology,Equity
FDX,FEDEX CORP,Industrials,Equity
NOC,NORTHROP GRUMMAN CORP,Industrials,Equity
SPG,SIMON PROPERTY GROUP REIT INC,Real Estate,Equity
JCI,JOHNSON CONTROLS INTERNATIONAL PLC,Industrials,Equity
TGT,TARGET CORP,Consumer Staples,Equity
SNOW,SNOWFLAKE INC CLASS A,Information Technology,Equity
SLB,SCHLUMBERGER NV,Energy,Equity
AZO,AUTOZONE INC,Consumer Discretionary,Equity
HCA,HCA HEALTHCARE INC,Health Care,Equity
NSC,NORFOLK SOUTHERN CORP,Industrials,Equity
AFL,AFLAC INC,Financials,Equity
OKE,ONEOK INC,Energy,Equity
VST,VISTRA CORP,Utilities,Equity
FCX,FREEPORT MCMORAN INC,Materials,Equity
MSTR,MICROSTRATEGY INC CLASS A,Information Technology,Equity
COIN,COINBASE GLOBAL INC CLASS A,Financials,Equity
WDAY,WORKDAY INC CLASS A,Information Technology,Equity
TRV,TRAVELERS COMPANIES INC,Financials,Equity
CARR,CARRIER GLOBAL CORP,Industrials,Equity
DLR,DIGITAL REALTY TRUST REIT INC,Real Estate,Equity
PCAR,PACCAR INC,Industrials,Equity
HWM,HOWMET AEROSPACE INC,Industrials,Equity
AEP,AMERICAN ELECTRIC POWER INC,Utilities,Equity
NEM,NEWMONT,Materials,Equity
SRE,SEMPRA,Utilities,Equity
AMP,AMERIPRISE FINANCE INC,Financials,Equity
GM,GENERAL MOTORS,Consumer Discretionary,Equity
PSX,PHILLIPS,Energy,Equity
MPC,MARATHON PETROLEUM CORP,Energy,Equity
CPRT,COPART INC,Industrials,Equity
KMI,KINDER MORGAN INC,Energy,Equity
NET,CLOUDFLARE INC CLASS A,Information Technology,Equity
CMI,CUMMINS INC,Industrials,Equity
TEAM,ATLASSIAN CORP CLASS A,Information Technology,Equity
ALL,ALLSTATE CORP,Financials,Equity
DFS,DISCOVER FINANCIAL SERVICES,Financials,Equity
URI,UNITED RENTALS INC,Industrials,Equity
AXON,AXON ENTERPRISE INC,Industrials,Equity
AIG,AMERICAN INTERNATIONAL GROUP INC,Financials,Equity
MET,METLIFE INC,Financials,Equity
LNG,CHENIERE ENERGY INC,Energy,Equity
O,REALTY INCOME REIT CORP,Real Estate,Equity
RSG,REPUBLIC SERVICES INC,Industrials,Equity
PAYX,PAYCHEX INC,Industrials,Equity
PSA,PUBLIC STORAGE REIT,Real Estate,Equity
XYZ,BLOCK INC CLASS A,Financials,Equity
D,DOMINION ENERGY INC,Utilities,Equity
BKR,BAKER HUGHES CLASS A,Energy,Equity
ROST,ROSS STORES INC,Consumer Discretionary,Equity
EW,EDWARDS LIFESCIENCES CORP,Health Care,Equity
CTSH,COGNIZANT TECHNOLOGY SOLUTIONS COR,Information Technology,Equity
TRGP,TARGA RESOURCES CORP,Energy,Equity
CTVA,CORTEVA INC,Materials,Equity
GWW,WW GRAINGER INC,Industrials,Equity
KMB,KIMBERLY CLARK CORP,Consumer Staples,Equity
HOOD,ROBINHOOD MARKETS INC CLASS A,Financials,Equity
MSCI,MSCI INC,Financials,Equity
CBRE,CBRE GROUP INC CLASS A,Real Estate,Equity
NU,NU HOLDINGS LTD CLASS A,Financials,Equity
VLO,VALERO ENERGY CORP,Energy,Equity
KR,KROGER,Consumer Staples,Equity
LULU,LULULEMON ATHLETICA INC,Consumer Discretionary,Equity
EXC,EXELON CORP,Utilities,Equity
FAST,FASTENAL,Industrials,Equity
FICO,FAIR ISAAC CORP,Information Technology,Equity
AME,AMETEK INC,Industrials,Equity
DAL,DELTA AIR LINES INC,Industrials,Equity
GEHC,GE HEALTHCARE TECHNOLOGIES INC,Health Care,Equity
KVUE,KENVUE INC,Consumer Staples,Equity
PEG,PUBLIC SERVICE ENTERPRISE GROUP IN,Utilities,Equity
VRSK,VERISK ANALYTICS INC,Industrials,Equity
YUM,YUM BRANDS INC,Consumer Discretionary,Equity
PWR,QUANTA SERVICES INC,Industrials,Equity
HES,HESS CORP,Energy,Equity
ODFL,OLD DOMINION FREIGHT LINE INC,Industrials,Equity
COR,CENCORA INC,Health Care,Equity
GLW,CORNING INC,Information Technology,Equity
PRU,PRUDENTIAL FINANCIAL INC,Financials,Equity
HUBS,HUBSPOT INC,Information Technology,Equity
XEL,XCEL ENERGY INC,Utilities,Equity
DDOG,DATADOG INC CLASS A,Information Technology,Equity
OTIS,OTIS WORLDWIDE CORP,Industrials,Equity
IT,GARTNER INC,Information Technology,Equity
A,AGILENT TECHNOLOGIES INC,Health Care,Equity
VRT,VERTIV HOLDINGS CLASS A,Industrials,Equity
CCI,CROWN CASTLE INC,Real Estate,Equity
DHI,D R HORTON INC,Consumer Discretionary,Equity
FIS,FIDELITY NATIONAL INFORMATION SERV,Financials,Equity
LHX,L3HARRIS TECHNOLOGIES INC,Industrials,Equity
FERG,FERGUSON ENTERPRISES INC,Consumer Discretionary,Equity
F,FORD MOTOR CO,Consumer Discretionary,Equity
IDXX,IDEXX LABORATORIES INC,Health Care,Equity
TTWO,TAKE TWO INTERACTIVE SOFTWARE INC,Communication,Equity
TTD,TRADE DESK INC CLASS A,Communication,Equity
VMC,VULCAN MATERIALS,Materials,Equity
KDP,KEURIG DR PEPPER INC,Consumer Staples,Equity
MNST,MONSTER BEVERAGE CORP,Consumer Staples,Equity
SYY,SYSCO CORP,Consumer Staples,Equity
ETR,ENTERGY CORP,Utilities,Equity
RBLX,ROBLOX CORP CLASS A,Communication,Equity
IQV,IQVIA HOLDINGS INC,Health Care,Equity
DXCM,DEXCOM INC,Health Care,Equity
DD,DUPONT DE NEMOURS INC,Materials,Equity
EA,ELECTRONIC ARTS INC,Communication,Equity
ARES,ARES MANAGEMENT CORP CLASS A,Financials,Equity
IR,INGERSOLL RAND INC,Industrials,Equity
VEEV,VEEVA SYSTEMS INC CLASS A,Health Care,Equity
UAL,UNITED AIRLINES HOLDINGS INC,Industrials,Equity
RMD,RESMED INC,Health Care,Equity
CHTR,CHARTER COMMUNICATIONS INC CLASS A,Communication,Equity
ROK,ROCKWELL AUTOMATION INC,Industrials,Equity
EBAY,EBAY INC,Consumer Discretionary,Equity
NDAQ,NASDAQ INC,Financials,Equity
MTB,M&T BANK CORP,Financials,Equity
ALNY,ALNYLAM PHARMACEUTICALS INC,Health Care,Equity
ED,CONSOLIDATED EDISON INC,Utilities,Equity
NUE,NUCOR CORP,Materials,Equity
GRMN,GARMIN LTD,Consumer Discretionary,Equity
HPQ,HP INC,Information Technology,Equity
GIS,GENERAL MILLS INC,Consumer Staples,Equity
OXY,OCCIDENTAL PETROLEUM CORP,Energy,Equity
HIG,HARTFORD FINANCIAL SERVICES GROUP,Financials,Equity
WTW,WILLIS TOWERS WATSON PLC,Financials,Equity
PCG,PG&E CORP,Utilities,Equity
WEC,WEC ENERGY GROUP INC,Utilities,Equity
EXR,EXTRA SPACE STORAGE REIT INC,Real Estate,Equity
MLM,MARTIN MARIETTA MATERIALS INC,Materials,Equity
KEYS,KEYSIGHT TECHNOLOGIES INC,Information Technology,Equity
MPWR,MONOLITHIC POWER SYSTEMS INC,Information Technology,Equity
WAB,WESTINGHOUSE AIR BRAKE TECHNOLOGIE,Industrials,Equity
VICI,VICI PPTYS INC,Real Estate,Equity
ACGL,ARCH CAPITAL GROUP LTD,Financials,Equity
USD,USD CASH,Cash and/or Derivatives,Cash
EQT,EQT CORP,Energy,Equity
XYL,XYLEM INC,Industrials,Equity
DELL,DELL TECHNOLOGIES INC CLASS C,Information Technology,Equity
CVNA,CARVANA CLASS A,Consumer Discretionary,Equity
AVB,AVALONBAY COMMUNITIES REIT INC,Real Estate,Equity
TSCO,TRACTOR SUPPLY,Consumer Discretionary,Equity
CAH,CARDINAL HEALTH INC,Health Care,Equity
EFX,EQUIFAX INC,Industrials,Equity
HUM,HUMANA INC,Health Care,Equity
FITB,FIFTH THIRD BANCORP,Financials,Equity
CSGP,COSTAR GROUP INC,Real Estate,Equity
FANG,DIAMONDBACK ENERGY INC,Energy,Equity
ANSS,ANSYS INC,Information Technology,Equity
LEN,LENNAR A CORP CLASS A,Consumer Discretionary,Equity
MCHP,MICROCHIP TECHNOLOGY INC,Information Technology,Equity
IP,INTERNATIONAL PAPER,Materials,Equity
RJF,RAYMOND JAMES INC,Financials,Equity
CPNG,COUPANG INC CLASS A,Consumer Discretionary,Equity
STT,STATE STREET CORP,Financials,Equity
CNC,CENTENE CORP,Health Care,Equity
FTV,FORTIVE CORP,Industrials,Equity
HPE,HEWLETT PACKARD ENTERPRISE,Information Technology,Equity
BR,BROADRIDGE FINANCIAL SOLUTIONS INC,Industrials,Equity
VTR,VENTAS REIT INC,Real Estate,Equity
IRM,IRON MOUNTAIN INC,Real Estate,Equity
SW,SMURFIT WESTROCK PLC,Materials,Equity
LPLA,LPL FINANCIAL HOLDINGS INC,Financials,Equity
DOV,DOVER CORP,Industrials,Equity
PPG,PPG INDUSTRIES INC,Materials,Equity
WSM,WILLIAMS SONOMA INC,Consumer Discretionary,Equity
GPN,GLOBAL PAYMENTS INC,Financials,Equity
DOW,DOW INC,Materials,Equity
TYL,TYLER TECHNOLOGIES INC,Information Technology,Equity
CCL,CARNIVAL CORP,Consumer Discretionary,Equity
EQR,EQUITY RESIDENTIAL REIT,Real Estate,Equity
MTD,METTLER TOLEDO INC,Health Care,Equity
DTE,DTE ENERGY,Utilities,Equity
BRO,BROWN & BROWN INC,Financials,Equity
AEE,AMEREN CORP,Utilities,Equity
STZ,CONSTELLATION BRANDS INC CLASS A,Consumer Staples,Equity
GDDY,GODADDY INC CLASS A,Information Technology,Equity
TPL,TEXAS PACIFIC LAND CORP,Energy,Equity
CPAY,CORPAY INC,Financials,Equity
CHD,CHURCH AND DWIGHT INC,Consumer Staples,Equity
KHC,KRAFT HEINZ,Consumer Staples,Equity
SYF,SYNCHRONY FINANCIAL,Financials,Equity
EXPE,EXPEDIA GROUP INC,Consumer Discretionary,Equity
FCNCA,FIRST CITIZENS BANCSHARES INC CLAS,Financials,Equity
CDW,CDW CORP,Information Technology,Equity
WBD,WARNER BROS. DISCOVERY INC SERIES,Communication,Equity
PPL,PPL CORP,Utilities,Equity
NTAP,NETAPP INC,Information Technology,Equity
IBKR,INTERACTIVE BROKERS GROUP INC CLAS,Financials,Equity
LYV,LIVE NATION ENTERTAINMENT INC,Communication,Equity
AWK,AMERICAN WATER WORKS INC,Utilities,Equity
EXE,EXPAND ENERGY CORP,Energy,Equity
DKNG,DRAFTKINGS INC CLASS A,Consumer Discretionary,Equity
HBAN,HUNTINGTON BANCSHARES INC,Financials,Equity
VLTO,VERALTO CORP,Industrials,Equity
MKL,MARKEL GROUP INC,Financials,Equity
SMCI,SUPER MICRO COMPUTER INC,Information Technology,Equity
WDC,WESTERN DIGITAL CORP,Information Technology,Equity
DECK,DECKERS OUTDOOR CORP,Consumer Discretionary,Equity
TROW,T ROWE PRICE GROUP INC,Financials,Equity
PINS,PINTEREST INC CLASS A,Communication,Equity
HAL,HALLIBURTON,Energy,Equity
FE,FIRSTENERGY CORP,Utilities,Equity
HSY,HERSHEY FOODS,Consumer Staples,Equity
DRI,DARDEN RESTAURANTS INC,Consumer Discretionary,Equity
ATO,ATMOS ENERGY CORP,Utilities,Equity
TDY,TELEDYNE TECHNOLOGIES INC,Information Technology,Equity
ZM,ZOOM COMMUNICATIONS INC CLASS A,Information Technology,Equity
NRG,NRG ENERGY INC,Utilities,Equity
RF,REGIONS FINANCIAL CORP,Financials,Equity
ON,ON SEMICONDUCTOR CORP,Information Technology,Equity
SBAC,SBA COMMUNICATIONS REIT CORP CLASS,Real Estate,Equity
PHM,PULTEGROUP INC,Consumer Discretionary,Equity
ES,EVERSOURCE ENERGY,Utilities,Equity
ADM,ARCHER DANIELS MIDLAND,Consumer Staples,Equity
NTRS,NORTHERN TRUST CORP,Financials,Equity
IFF,INTERNATIONAL FLAVORS & FRAGRANCES,Materials,Equity
WAT,WATERS CORP,Health Care,Equity
DVN,DEVON ENERGY CORP,Energy,Equity
STE,STERIS,Health Care,Equity
K,KELLANOVA,Consumer Staples,Equity
CNP,CENTERPOINT ENERGY INC,Utilities,Equity
WY,WEYERHAEUSER REIT,Real Estate,Equity
CBOE,CBOE GLOBAL MARKETS INC,Financials,Equity
NVR,NVR INC,Consumer Discretionary,Equity
CINF,CINCINNATI FINANCIAL CORP,Financials,Equity
HUBB,HUBBELL INC,Industrials,Equity
AFRM,AFFIRM HOLDINGS INC CLASS A,Financials,Equity
MDB,MONGODB INC CLASS A,Information Technology,Equity
PSTG,PURE STORAGE INC CLASS A,Information Technology,Equity
CFG,CITIZENS FINANCIAL GROUP INC,Financials,Equity
FWONK,LIBERTY MEDIA FORMULA ONE CORP SER,Communication,Equity
LH,LABCORP HOLDINGS INC,Health Care,Equity
CMS,CMS ENERGY CORP,Utilities,Equity
TPR,TAPESTRY INC,Consumer Discretionary,Equity
CTRA,COTERRA ENERGY INC,Energy,Equity
PTC,PTC INC,Information Technology,Equity
STLD,STEEL DYNAMICS INC,Materials,Equity
BIIB,BIOGEN INC,Health Care,Equity
NTRA,NATERA INC,Health Care,Equity
LYB,LYONDELLBASELL INDUSTRIES NV CLASS,Materials,Equity
ZBH,ZIMMER BIOMET HOLDINGS INC,Health Care,Equity
ZS,ZSCALER INC,Information Technology,Equity
EME,EMCOR GROUP INC,Industrials,Equity
LII,LENNOX INTERNATIONAL INC,Industrials,Equity
PODD,INSULET CORP,Health Care,Equity
PFG,PRINCIPAL FINANCIAL GROUP INC,Financials,Equity
BBY,BEST BUY INC,Consumer Discretionary,Equity
MKC,MCCORMICK & CO NON-VOTING INC,Consumer Staples,Equity
VRSN,VERISIGN INC,Information Technology,Equity
TRU,TRANSUNION,Industrials,Equity
TWLO,TWILIO INC CLASS A,Information Technology,Equity
INVH,INVITATION HOMES INC,Real Estate,Equity
EIX,EDISON INTERNATIONAL,Utilities,Equity
SSNC,SS AND C TECHNOLOGIES HOLDINGS INC,Industrials,Equity
JBL,JABIL INC,Information Technology,Equity
PKG,PACKAGING CORP OF AMERICA,Materials,Equity
DGX,QUEST DIAGNOSTICS INC,Health Care,Equity
NI,NISOURCE INC,Utilities,Equity
ESS,ESSEX PROPERTY TRUST REIT INC,Real Estate,Equity
MAA,MID AMERICA APARTMENT COMMUNITIES,Real Estate,Equity
TOST,TOAST INC CLASS A,Financials,Equity
CLX,CLOROX,Consumer Staples,Equity
FFIV,F5 INC,Information Technology,Equity
EQH,EQUITABLE HOLDINGS INC,Financials,Equity
LUV,SOUTHWEST AIRLINES,Industrials,Equity
DT,DYNATRACE INC,Information Technology,Equity
TRMB,TRIMBLE INC,Information Technology,Equity
DOCU,DOCUSIGN INC,Information Technology,Equity
LDOS,LEIDOS HOLDINGS INC,Industrials,Equity
WRB,WR BERKLEY CORP,Financials,Equity
TER,TERADYNE INC,Information Technology,Equity
RBA,RB GLOBAL INC,Industrials,Equity
BLDR,BUILDERS FIRSTSOURCE INC,Industrials,Equity
NTNX,NUTANIX INC CLASS A,Information Technology,Equity
SNA,SNAP ON INC,Industrials,Equity
GPC,GENUINE PARTS,Consumer Discretionary,Equity
GWRE,GUIDEWIRE SOFTWARE INC,Information Technology,Equity
ULTA,ULTA BEAUTY INC,Consumer Discretionary,Equity
FDS,FACTSET RESEARCH SYSTEMS INC,Financials,Equity
MAS,MASCO CORP,Industrials,Equity
SOFI,SOFI TECHNOLOGIES INC,Financials,Equity
FSLR,FIRST SOLAR INC,Information Technology,Equity
COO,COOPER INC,Health Care,Equity
WSO,WATSCO INC,Industrials,Equity
DPZ,DOMINOS PIZZA INC,Consumer Discretionary,Equity
ARE,ALEXANDRIA REAL ESTATE EQUITIES RE,Real Estate,Equity
CSL,CARLISLE COMPANIES INC,Industrials,Equity
XPO,XPO INC,Industrials,Equity
USFD,US FOODS HOLDING CORP,Consumer Staples,Equity
KEY,KEYCORP,Financials,Equity
TSN,TYSON FOODS INC CLASS A,Consumer Staples,Equity
ZBRA,ZEBRA TECHNOLOGIES CORP CLASS A,Information Technology,Equity
J,JACOBS SOLUTIONS INC,Industrials,Equity
UTHR,UNITED THERAPEUTICS CORP,Health Care,Equity
PNR,PENTAIR,Industrials,Equity
ENTG,ENTEGRIS INC,Information Technology,Equity
RS,RELIANCE STEEL & ALUMINUM,Materials,Equity
ILMN,ILLUMINA INC,Health Care,Equity
EXPD,EXPEDITORS INTERNATIONAL OF WASHIN,Industrials,Equity
CASY,CASEYS GENERAL STORES INC,Consumer Staples,Equity
DG,DOLLAR GENERAL CORP,Consumer Staples,Equity
OMC,OMNICOM GROUP INC,Communication,Equity
EL,ESTEE LAUDER INC CLASS A,Consumer Staples,Equity
MOH,MOLINA HEALTHCARE INC,Health Care,Equity
DUOL,DUOLINGO INC CLASS A,Consumer Discretionary,Equity
APTV,APTIV PLC,Other,Equity
LNT,ALLIANT ENERGY CORP,Utilities,Equity
BAX,BAXTER INTERNATIONAL INC,Health Care,Equity
RPM,RPM INTERNATIONAL INC,Materials,Equity
WST,WEST PHARMACEUTICAL SERVICES INC,Health Care,Equity
BURL,BURLINGTON STORES INC,Consumer Discretionary,Equity
ALGN,ALIGN TECHNOLOGY INC,Health Care,Equity
OC,OWENS CORNING,Industrials,Equity
OKTA,OKTA INC CLASS A,Information Technology,Equity
SUI,SUN COMMUNITIES REIT INC,Real Estate,Equity
LVS,LAS VEGAS SANDS CORP,Consumer Discretionary,Equity
FNF,FIDELITY NATIONAL FINANCIAL INC,Financials,Equity
BAH,BOOZ ALLEN HAMILTON HOLDING CORP C,Industrials,Equity
GEN,GEN DIGITAL INC,Information Technology,Equity
AKAM,AKAMAI TECHNOLOGIES INC,Information Technology,Equity
IEX,IDEX CORP,Industrials,Equity
EVRG,EVERGY INC,Utilities,Equity
L,LOEWS CORP,Financials,Equity
TW,TRADEWEB MARKETS INC CLASS A,Financials,Equity
EPAM,EPAM SYSTEMS INC,Information Technology,Equity
BALL,BALL CORP,Materials,Equity
AMCR,AMCOR PLC,Materials,Equity
AVY,AVERY DENNISON CORP,Materials,Equity
HOLX,HOLOGIC INC,Health Care,Equity
DLTR,DOLLAR TREE INC,Consumer Staples,Equity
KIM,KIMCO REALTY REIT CORP,Real Estate,Equity
HEIA,HEICO CORP CLASS A,Industrials,Equity
EG,EVEREST GROUP LTD,Financials,Equity
CF,CF INDUSTRIES HOLDINGS INC,Materials,Equity
GGG,GRACO INC,Industrials,Equity
ROL,ROLLINS INC,Industrials,Equity
UDR,UDR REIT INC,Real Estate,Equity
BJ,BJS WHOLESALE CLUB HOLDINGS INC,Consumer Staples,Equity
KMX,CARMAX INC,Consumer Discretionary,Equity
JBHT,JB HUNT TRANSPORT SERVICES INC,Industrials,Equity
RVTY,REVVITY INC,Health Care,Equity
TKO,TKO GROUP HOLDINGS INC CLASS A,Communication,Equity
EWBC,EAST WEST BANCORP INC,Financials,Equity
FIX,COMFORT SYSTEMS USA INC,Industrials,Equity
ACM,AECOM,Industrials,Equity
JLL,JONES LANG LASALLE INC,Real Estate,Equity
DOC,HEALTHPEAK PROPERTIES INC,Real Estate,Equity
DKS,DICKS SPORTING INC,Consumer Discretionary,Equity
SWK,STANLEY BLACK & DECKER INC,Industrials,Equity
TXT,TEXTRON INC,Industrials,Equity
PFGC,PERFORMANCE FOOD GROUP,Consumer Staples,Equity
REG,REGENCY CENTERS REIT CORP,Real Estate,Equity
ITCI,INTRA CELLULAR THERAPIES INC,Health Care,Equity
RGA,REINSURANCE GROUP OF AMERICA INC,Financials,Equity
VTRS,VIATRIS INC,Health Care,Equity
UNM,UNUM,Financials,Equity
CIEN,CIENA CORP,Information Technology,Equity
FTI,TECHNIPFMC PLC,Energy,Equity
POOL,POOL CORP,Consumer Discretionary,Equity
WPC,W. P. CAREY REIT INC,Real Estate,Equity
SAIA,SAIA INC,Industrials,Equity
Z,ZILLOW GROUP INC CLASS C,Real Estate,Equity
FOXA,FOX CORP CLASS A,Communication,Equity
RPRX,ROYALTY PHARMA PLC CLASS A,Health Care,Equity
THC,TENET HEALTHCARE CORP,Health Care,Equity
ROKU,ROKU INC CLASS A,Communication,Equity
TOL,TOLL BROTHERS INC,Consumer Discretionary,Equity
GLPI,GAMING AND LEISURE PROPERTIES REIT,Real Estate,Equity
JEF,JEFFERIES FINANCIAL GROUP INC,Financials,Equity
CPT,CAMDEN PROPERTY TRUST REIT,Real Estate,Equity
OWL,BLUE OWL CAPITAL INC CLASS A,Financials,Equity
ELS,EQUITY LIFESTYLE PROPERTIES REIT I,Real Estate,Equity
NDSN,NORDSON CORP,Industrials,Equity
JKHY,JACK HENRY AND ASSOCIATES INC,Financials,Equity
CW,CURTISS WRIGHT CORP,Industrials,Equity
AVTR,AVANTOR INC,Health Care,Equity
ITT,ITT INC,Industrials,Equity
BMRN,BIOMARIN PHARMACEUTICAL INC,Health Care,Equity
CAG,CONAGRA BRANDS INC,Consumer Staples,Equity
EMN,EASTMAN CHEMICAL,Materials,Equity
LECO,LINCOLN ELECTRIC HOLDINGS INC,Industrials,Equity
AMH,AMERICAN HOMES RENT REIT CLASS A,Real Estate,Equity
NLY,ANNALY CAPITAL MANAGEMENT REIT INC,Financials,Equity
FHN,FIRST HORIZON CORP,Financials,Equity
CLH,CLEAN HARBORS INC,Industrials,Equity
JNPR,JUNIPER NETWORKS INC,Information Technology,Equity
TPX,TEMPUR SEALY INTERNATIONAL INC,Consumer Discretionary,Equity
RNR,RENAISSANCERE HOLDING LTD,Financials,Equity
MANH,MANHATTAN ASSOCIATES INC,Information Technology,Equity
ALLE,ALLEGION PLC,Industrials,Equity
RL,RALPH LAUREN CORP CLASS A,Consumer Discretionary,Equity
NWSA,NEWS CORP CLASS A,Communication,Equity
RIVN,RIVIAN AUTOMOTIVE INC CLASS A,Consumer Discretionary,Equity
HST,HOST HOTELS & RESORTS REIT INC,Real Estate,Equity
CHRW,CH ROBINSON WORLDWIDE INC,Industrials,Equity
LAMR,LAMAR ADVERTISING COMPANY CLAS,Real Estate,Equity
AR,ANTERO RESOURCES CORP,Energy,Equity
NBIX,NEUROCRINE BIOSCIENCES INC,Health Care,Equity
OVV,OVINTIV INC,Energy,Equity
TXRH,TEXAS ROADHOUSE INC,Consumer Discretionary,Equity
CG,CARLYLE GROUP INC,Financials,Equity
NCLH,NORWEGIAN CRUISE LINE HOLDINGS LTD,Consumer Discretionary,Equity
WWD,WOODWARD INC,Industrials,Equity
INCY,INCYTE CORP,Health Care,Equity
NVT,NVENT ELECTRIC PLC,Industrials,Equity
CNH,CNH INDUSTRIAL N.V. NV,Industrials,Equity
SCI,SERVICE,Consumer Discretionary,Equity
BXP,BXP INC,Real Estate,Equity
SF,STIFEL FINANCIAL CORP,Financials,Equity
SNX,TD SYNNEX CORP,Information Technology,Equity
COHR,COHERENT CORP,Information Technology,Equity
GL,GLOBE LIFE INC,Financials,Equity
PAYC,PAYCOM SOFTWARE INC,Industrials,Equity
MRNA,MODERNA INC,Health Care,Equity
TAP,MOLSON COORS BREWING CLASS B,Consumer Staples,Equity
GME,GAMESTOP CORP CLASS A,Consumer Discretionary,Equity
SWKS,SKYWORKS SOLUTIONS INC,Information Technology,Equity
ALLY,ALLY FINANCIAL INC,Financials,Equity
AAL,AMERICAN AIRLINES GROUP INC,Industrials,Equity
UHS,UNIVERSAL HEALTH SERVICES INC CLAS,Health Care,Equity
AIZ,ASSURANT INC,Financials,Equity
SJM,JM SMUCKER,Consumer Staples,Equity
CNM,CORE & MAIN INC CLASS A,Industrials,Equity
BLD,TOPBUILD CORP,Consumer Discretionary,Equity
FND,FLOOR DECOR HOLDINGS INC CLASS A,Consumer Discretionary,Equity
RBC,RBC BEARINGS INC,Industrials,Equity
CCK,CROWN HOLDINGS INC,Materials,Equity
SOLV,SOLVENTUM CORP,Health Care,Equity
LKQ,LKQ CORP,Consumer Discretionary,Equity
DOX,AMDOCS LTD,Information Technology,Equity
IPG,INTERPUBLIC GROUP OF COMPANIES INC,Communication,Equity
WBS,WEBSTER FINANCIAL CORP,Financials,Equity
AYI,ACUITY BRANDS INC,Industrials,Equity
LAD,LITHIA MOTORS INC CLASS A,Consumer Discretionary,Equity
TECH,BIO TECHNE CORP,Health Care,Equity
PNW,PINNACLE WEST CORP,Utilities,Equity
PEN,PENUMBRA INC,Health Care,Equity
EXEL,EXELIXIS INC,Health Care,Equity
DAY,DAYFORCE INC,Industrials,Equity
BRBR,BELLRING BRANDS INC,Consumer Staples,Equity
BG,BUNGE GLOBAL SA,Consumer Staples,Equity
ARMK,ARAMARK,Consumer Discretionary,Equity
CAVA,CAVA GROUP INC,Consumer Discretionary,Equity
EHC,ENCOMPASS HEALTH CORP,Health Care,Equity
ESTC,ELASTIC NV,Information Technology,Equity
HSIC,HENRY SCHEIN INC,Health Care,Equity
OHI,OMEGA HEALTHCARE INVESTORS REIT IN,Real Estate,Equity
SRPT,SAREPTA THERAPEUTICS INC,Health Care,Equity
KNSL,KINSALE CAPITAL GROUP INC,Financials,Equity
HEI,HEICO CORP,Industrials,Equity
EVR,EVERCORE INC CLASS A,Financials,Equity
BWXT,BWX TECHNOLOGIES INC,Industrials,Equity
ALK,ALASKA AIR GROUP INC,Industrials,Equity
DTM,DT MIDSTREAM INC,Energy,Equity
PRI,PRIMERICA INC,Financials,Equity
ATR,APTARGROUP INC,Materials,Equity
G,GENPACT LTD,Industrials,Equity
RGLD,ROYAL GOLD INC,Materials,Equity
KD,KYNDRYL HOLDINGS INC,Information Technology,Equity
ALAB,ASTERA LABS INC,Information Technology,Equity
PCTY,PAYLOCITY HOLDING CORP,Industrials,Equity
ALB,ALBEMARLE CORP,Materials,Equity
DOCS,DOXIMITY INC CLASS A,Health Care,Equity
WAL,WESTERN ALLIANCE,Financials,Equity
GMED,GLOBUS MEDICAL INC CLASS A,Health Care,Equity
GLOB,GLOBANT SA,Information Technology,Equity
MGM,MGM RESORTS INTERNATIONAL,Consumer Discretionary,Equity
PR,PERMIAN RESOURCES CORP CLASS A,Energy,Equity
HLI,HOULIHAN LOKEY INC CLASS A,Financials,Equity
CUBE,CUBESMART REIT,Real Estate,Equity
PCOR,PROCORE TECHNOLOGIES INC,Information Technology,Equity
WYNN,WYNN RESORTS LTD,Consumer Discretionary,Equity
ALSN,ALLISON TRANSMISSION HOLDINGS INC,Industrials,Equity
MUSA,MURPHY USA INC,Consumer Discretionary,Equity
RRX,REGAL REXNORD CORP,Industrials,Equity
WING,WINGSTOP INC,Consumer Discretionary,Equity
RRC,RANGE RESOURCES CORP,Energy,Equity
ORI,OLD REPUBLIC INTERNATIONAL CORP,Financials,Equity
VFC,VF CORP,Consumer Discretionary,Equity
EXAS,EXACT SCIENCES CORP,Health Care,Equity
AA,ALCOA CORP,Materials,Equity
BROS,DUTCH BROS INC CLASS A,Consumer Discretionary,Equity
LBRDK,LIBERTY BROADBAND CORP SERIES C,Communication,Equity
PNFP,PINNACLE FINANCIAL PARTNERS INC,Financials,Equity
FRT,FEDERAL REALTY INVESTMENT TRUST RE,Real Estate,Equity
EGP,EASTGROUP PROPERTIES REIT INC,Real Estate,Equity
MTCH,MATCH GROUP INC,Communication,Equity
WMS,ADVANCED DRAINAGE SYSTEMS INC,Industrials,Equity
MIDD,MIDDLEBY CORP,Industrials,Equity
WTRG,ESSENTIAL UTILITIES INC,Utilities,Equity
REXR,REXFORD INDUSTRIAL REALTY REIT INC,Real Estate,Equity
AFG,AMERICAN FINANCIAL GROUP INC,Financials,Equity
LSCC,LATTICE SEMICONDUCTOR CORP,Information Technology,Equity
CFLT,CONFLUENT INC CLASS A,Information Technology,Equity
CMA,COMERICA INC,Financials,Equity
PLNT,PLANET FITNESS INC CLASS A,Consumer Discretionary,Equity
CART,MAPLEBEAR INC,Consumer Staples,Equity
MORN,MORNINGSTAR INC,Financials,Equity
LNW,LIGHT WONDER INC,Consumer Discretionary,Equity
GNRC,GENERAC HOLDINGS INC,Industrials,Equity
COKE,COCA COLA CONSOLIDATED INC,Consumer Staples,Equity
WCC,WESCO INTERNATIONAL INC,Industrials,Equity
FYBR,FRONTIER COMMUNICATIONS PARENT INC,Communication,Equity
ACI,ALBERTSONS COMPANY INC CLASS A,Consumer Staples,Equity
ONTO,ONTO INNOVATION INC,Information Technology,Equity
MEDP,MEDPACE HOLDINGS INC,Health Care,Equity
WTFC,WINTRUST FINANCIAL CORP,Financials,Equity
CZR,CAESARS ENTERTAINMENT INC,Consumer Discretionary,Equity
X,US STEEL CORP,Materials,Equity
QGEN,QIAGEN NV,Health Care,Equity
SCCO,SOUTHERN COPPER CORP,Materials,Equity
OGE,OGE ENERGY CORP,Utilities,Equity
APG,API GROUP CORP,Industrials,Equity
AGNC,AGNC INVESTMENT REIT CORP,Financials,Equity
FBIN,FORTUNE BRANDS INNOVATIONS INC,Industrials,Equity
CHDN,CHURCHILL DOWNS INC,Consumer Discretionary,Equity
MOS,MOSAIC,Materials,Equity
HAS,HASBRO INC,Consumer Discretionary,Equity
APA,APA CORP,Energy,Equity
CFR,CULLEN FROST BANKERS INC,Financials,Equity
ENPH,ENPHASE ENERGY INC,Information Technology,Equity
GTLB,GITLAB INC CLASS A,Information Technology,Equity
MTZ,MASTEC INC,Industrials,Equity
SEIC,SEI INVESTMENTS,Financials,Equity
KNX,KNIGHT-SWIFT TRANSPORTATION HOLDIN,Industrials,Equity
TTC,TORO,Industrials,Equity
LW,LAMB WESTON HOLDINGS INC,Consumer Staples,Equity
SKX,SKECHERS USA INC CLASS A,Consumer Discretionary,Equity
NYT,NEW YORK TIMES CLASS A,Communication,Equity
HRL,HORMEL FOODS CORP,Consumer Staples,Equity
CHE,CHEMED CORP,Health Care,Equity
JAZZ,JAZZ PHARMACEUTICALS PLC,Health Care,Equity
EXP,EAGLE MATERIALS INC,Materials,Equity
CR,CRANE,Industrials,Equity
BBWI,BATH AND BODY WORKS INC,Consumer Discretionary,Equity
DCI,DONALDSON INC,Industrials,Equity
WH,WYNDHAM HOTELS RESORTS INC,Consumer Discretionary,Equity
FLS,FLOWSERVE CORP,Industrials,Equity
RGEN,REPLIGEN CORP,Health Care,Equity
CBSH,COMMERCE BANCSHARES INC,Financials,Equity
ZION,ZIONS BANCORPORATION,Financials,Equity
INGR,INGREDION INC,Consumer Staples,Equity
BERY,BERRY GLOBAL GROUP INC,Materials,Equity
BRX,BRIXMOR PROPERTY GROUP REIT INC,Real Estate,Equity
AXTA,AXALTA COATING SYSTEMS LTD,Materials,Equity
TTEK,TETRA TECH INC,Industrials,Equity
AOS,A O SMITH CORP,Industrials,Equity
TFX,TELEFLEX INC,Health Care,Equity
DVA,DAVITA INC,Health Care,Equity
GPK,GRAPHIC PACKAGING HOLDING,Materials,Equity
DBX,DROPBOX INC CLASS A,Information Technology,Equity
SNV,SYNOVUS FINANCIAL CORP,Financials,Equity
FOUR,SHIFT4 PAYMENTS INC CLASS A,Financials,Equity
MASI,MASIMO CORP,Health Care,Equity
CRL,CHARLES RIVER LABORATORIES INTERNA,Health Care,Equity
AAON,AAON INC,Industrials,Equity
VOYA,VOYA FINANCIAL INC,Financials,Equity
ADC,AGREE REALTY REIT CORP,Real Estate,Equity
VNO,VORNADO REALTY TRUST REIT,Real Estate,Equity
ATI,ATI INC,Materials,Equity
CPB,CAMPBELL SOUP,Consumer Staples,Equity
NNN,NNN REIT INC,Real Estate,Equity
MAT,MATTEL INC,Consumer Discretionary,Equity
CACI,CACI INTERNATIONAL INC CLASS A,Industrials,Equity
CE,CELANESE CORP,Materials,Equity
SSD,SIMPSON MANUFACTURING INC,Industrials,Equity
TREX,TREX INC,Industrials,Equity
FR,FIRST INDUSTRIAL REALTY TRUST INC,Real Estate,Equity
BFAM,BRIGHT HORIZONS FAMILY SOLUTIONS I,Consumer Discretionary,Equity
QRVO,QORVO INC,Information Technology,Equity
ESAB,ESAB CORP,Industrials,Equity
HRB,H&R BLOCK INC,Consumer Discretionary,Equity
SN,SHARKNINJA INC,Consumer Discretionary,Equity
BPOP,POPULAR INC,Financials,Equity
AZEK,AZEK COMPANY INC CLASS A,Industrials,Equity
MKTX,MARKETAXESS HOLDINGS INC,Financials,Equity
LPX,LOUISIANA PACIFIC CORP,Materials,Equity
WSC,WILLSCOT HOLDINGS CORP CLASS A,Industrials,Equity
PB,PROSPERITY BANCSHARES INC,Financials,Equity
RYAN,RYAN SPECIALTY HOLDINGS INC CLASS,Financials,Equity
R,RYDER SYSTEM INC,Industrials,Equity
AZPN,ASPEN TECHNOLOGY INC,Information Technology,Equity
AES,AES CORP,Utilities,Equity
BWA,BORGWARNER INC,Consumer Discretionary,Equity
FOX,FOX CORP CLASS B,Communication,Equity
WBA,WALGREEN BOOTS ALLIANCE INC,Consumer Staples,Equity
OSK,OSHKOSH CORP,Industrials,Equity
AXS,AXIS CAPITAL HOLDINGS LTD,Financials,Equity
LNC,LINCOLN NATIONAL CORP,Financials,Equity
CHRD,CHORD ENERGY CORP,Energy,Equity
MTSI,MACOM TECHNOLOGY SOLUTIONS INC,Information Technology,Equity
S,SENTINELONE INC CLASS A,Information Technology,Equity
MKSI,MKS INSTRUMENTS INC,Information Technology,Equity
IVZ,INVESCO LTD,Financials,Equity
KBR,KBR INC,Industrials,Equity
UGI,UGI CORP,Utilities,Equity
MTDR,MATADOR RESOURCES,Energy,Equity
MTG,MGIC INVESTMENT CORP,Financials,Equity
PATH,UIPATH INC CLASS A,Information Technology,Equity
SITE,SITEONE LANDSCAPE SUPPLY INC,Industrials,Equity
UHALB,U HAUL NON VOTING SERIES N,Industrials,Equity
ETSY,ETSY INC,Consumer Discretionary,Equity
SLM,SLM CORP,Financials,Equity
BSY,BENTLEY SYSTEMS INC CLASS B,Information Technology,Equity
OMF,ONEMAIN HOLDINGS INC,Financials,Equity
OLED,UNIVERSAL DISPLAY CORP,Information Technology,Equity
FCN,FTI CONSULTING INC,Industrials,Equity
AWI,ARMSTRONG WORLD INDUSTRIES INC,Industrials,Equity
CROX,CROCS INC,Consumer Discretionary,Equity
PARA,PARAMOUNT GLOBAL CLASS B,Communication,Equity
WEX,WEX INC,Financials,Equity
STAG,STAG INDUSTRIAL REIT INC,Real Estate,Equity
OLLI,OLLIES BARGAIN OUTLET HOLDINGS INC,Consumer Discretionary,Equity
FAF,FIRST AMERICAN FINANCIAL CORP,Financials,Equity
DAR,DARLING INGREDIENTS INC,Consumer Staples,Equity
NFG,NATIONAL FUEL GAS,Utilities,Equity
KEX,KIRBY CORP,Industrials,Equity
RLI,RLI CORP,Financials,Equity
STWD,STARWOOD PROPERTY TRUST REIT INC,Financials,Equity
VNOM,VIPER ENERGY INC CLASS A,Energy,Equity
MHK,MOHAWK INDUSTRIES INC,Consumer Discretionary,Equity
MTN,VAIL RESORTS INC,Consumer Discretionary,Equity
U,UNITY SOFTWARE INC,Information Technology,Equity
H,HYATT HOTELS CORP CLASS A,Consumer Discretionary,Equity
VMI,VALMONT INDS INC,Industrials,Equity
HII,HUNTINGTON INGALLS INDUSTRIES INC,Industrials,Equity
AGCO,AGCO CORP,Industrials,Equity
NOV,NOV INC,Energy,Equity
RHI,ROBERT HALF,Industrials,Equity
HR,HEALTHCARE REALTY TRUST INC CLASS,Real Estate,Equity
RITM,RITHM CAPITAL CORP,Financials,Equity
DINO,HF SINCLAIR CORP,Energy,Equity
BILL,BILL HOLDINGS INC,Information Technology,Equity
COLD,AMERICOLD REALTY INC TRUST,Real Estate,Equity
VNT,VONTIER CORP,Information Technology,Equity
FRPT,FRESHPET INC,Consumer Staples,Equity
LAZ,LAZARD INC,Financials,Equity
XP,XP CLASS A INC,Financials,Equity
MSA,MSA SAFETY INC,Industrials,Equity
LFUS,LITTELFUSE INC,Information Technology,Equity
ESI,ELEMENT SOLUTIONS INC,Materials,Equity
CRUS,CIRRUS LOGIC INC,Information Technology,Equity
IDA,IDACORP INC,Utilities,Equity
BEN,FRANKLIN RESOURCES INC,Financials,Equity
THG,HANOVER INSURANCE GROUP INC,Financials,Equity
SIRI,SIRIUSXM HOLDINGS INC,Communication,Equity
ARW,ARROW ELECTRONICS INC,Information Technology,Equity
LSTR,LANDSTAR SYSTEM INC,Industrials,Equity
CGNX,COGNEX CORP,Information Technology,Equity
CLF,CLEVELAND CLIFFS INC,Materials,Equity
GNTX,GENTEX CORP,Consumer Discretionary,Equity
COLB,COLUMBIA BANKING SYSTEM INC,Financials,Equity
POST,POST HOLDINGS INC,Consumer Staples,Equity
JHG,JANUS HENDERSON GROUP PLC,Financials,Equity
AM,ANTERO MIDSTREAM CORP,Energy,Equity
FNB,FNB CORP,Financials,Equity
RH,RH,Consumer Discretionary,Equity
WHR,WHIRLPOOL CORP,Consumer Discretionary,Equity
TKR,TIMKEN,Industrials,Equity
INSP,INSPIRE MEDICAL SYSTEMS INC,Health Care,Equity
ELAN,ELANCO ANIMAL HEALTH INC,Health Care,Equity
HXL,HEXCEL CORP,Industrials,Equity
BRKR,BRUKER CORP,Health Care,Equity
OZK,BANK OZK,Financials,Equity
AMG,AFFILIATED MANAGERS GROUP INC,Financials,Equity
THO,THOR INDUSTRIES INC,Consumer Discretionary,Equity
SGAFT,CASH COLLATERAL USD SGAFT,Cash and/or Derivatives,Cash Collateral and Margins
LOPE,GRAND CANYON EDUCATION INC,Consumer Discretionary,Equity
BFB,BROWN FORMAN CORP CLASS B,Consumer Staples,Equity
LEA,LEAR CORP,Consumer Discretionary,Equity
BYD,BOYD GAMING CORP,Consumer Discretionary,Equity
GTES,GATES INDUSTRIAL PLC,Industrials,Equity
BIO,BIO RAD LABORATORIES INC CLASS A,Health Care,Equity
LITE,LUMENTUM HOLDINGS INC,Information Technology,Equity
SAIC,SCIENCE APPLICATIONS INTERNATIONAL,Industrials,Equity
VVV,VALVOLINE INC,Consumer Discretionary,Equity
WFRD,WEATHERFORD INTERNATIONAL PLC,Energy,Equity
AL,AIR LEASE CORP CLASS A,Industrials,Equity
APPF,APPFOLIO INC CLASS A,Information Technology,Equity
CIVI,CIVITAS RESOURCES INC,Energy,Equity
SEE,SEALED AIR,Materials,Equity
TPG,TPG INC CLASS A,Financials,Equity
NXST,NEXSTAR MEDIA GROUP INC,Communication,Equity
AN,AUTONATION INC,Consumer Discretionary,Equity
HCP,HASHICORP INC CLASS A,Information Technology,Equity
FIVE,FIVE BELOW INC,Consumer Discretionary,Equity
SON,SONOCO PRODUCTS,Materials,Equity
IONS,IONIS PHARMACEUTICALS INC,Health Care,Equity
DLB,DOLBY LABORATORIES INC CLASS A,Information Technology,Equity
CCCS,CCC INTELLIGENT SOLUTIONS HOLDINGS,Information Technology,Equity
W,WAYFAIR INC CLASS A,Consumer Discretionary,Equity
LYFT,LYFT INC CLASS A,Industrials,Equity
WTM,WHITE MOUNTAINS INSURANCE GROUP LT,Financials,Equity
SLGN,SILGAN HOLDINGS INC,Materials,Equity
EEFT,EURONET WORLDWIDE INC,Financials,Equity
AGO,ASSURED GUARANTY LTD,Financials,Equity
BC,BRUNSWICK CORP,Consumer Discretionary,Equity
CUZ,COUSINS PROPERTIES REIT INC,Real Estate,Equity
GXO,GXO LOGISTICS INC,Industrials,Equity
FMC,FMC CORP,Materials,Equity
ROIV,ROIVANT SCIENCES LTD,Health Care,Equity
ST,SENSATA TECHNOLOGIES HOLDING PLC,Industrials,Equity
GAP,GAP INC,Consumer Discretionary,Equity
AVT,AVNET INC,Information Technology,Equity
GFS,GLOBALFOUNDRIES INC,Information Technology,Equity
KMPR,KEMPER CORP,Financials,Equity
PVH,PVH CORP,Consumer Discretionary,Equity
CHH,CHOICE HOTELS INTERNATIONAL INC,Consumer Discretionary,Equity
M,MACYS INC,Consumer Discretionary,Equity
SPR,SPIRIT AEROSYSTEMS INC CLASS A,Industrials,Equity
NWS,NEWS CORP CLASS B,Communication,Equity
OGN,ORGANON,Health Care,Equity
BHF,BRIGHTHOUSE FINANCIAL INC,Financials,Equity
KRC,KILROY REALTY REIT CORP,Real Estate,Equity
MSGS,MADISON SQUARE GARDEN SPORTS CORP,Communication,Equity
CELH,CELSIUS HOLDINGS INC,Consumer Staples,Equity
PEGA,PEGASYSTEMS INC,Information Technology,Equity
RYN,RAYONIER REIT INC,Real Estate,Equity
ELF,ELF BEAUTY INC,Consumer Staples,Equity
MSM,MSC INDUSTRIAL INC CLASS A,Industrials,Equity
TNL,TRAVEL LEISURE,Consumer Discretionary,Equity
WLK,WESTLAKE CORP,Materials,Equity
ACHC,ACADIA HEALTHCARE COMPANY INC,Health Care,Equity
LLYVK,LIBERTY MEDIA LIBERTY LIVE CORP SE,Communication,Equity
NEU,NEWMARKET CORP,Materials,Equity
RARE,ULTRAGENYX PHARMACEUTICAL INC,Health Care,Equity
XRAY,DENTSPLY SIRONA INC,Health Care,Equity
BEPC,BROOKFIELD RENEWABLE SUBORDINATE V,Utilities,Equity
DXC,DXC TECHNOLOGY,Information Technology,Equity
ZG,ZILLOW GROUP INC CLASS A,Real Estate,Equity
NVST,ENVISTA HOLDINGS CORP,Health Care,Equity
PENN,PENN ENTERTAINMENT INC,Consumer Discretionary,Equity
IRDM,IRIDIUM COMMUNICATIONS INC,Communication,Equity
EPR,EPR PROPERTIES REIT,Real Estate,Equity
LINE,LINEAGE INC,Real Estate,Equity
MDU,MDU RESOURCES GROUP INC,Utilities,Equity
FHB,FIRST HAWAIIAN INC,Financials,Equity
IAC,IAC INC,Communication,Equity
FLO,FLOWERS FOODS INC,Consumer Staples,Equity
PSN,PARSONS CORP,Industrials,Equity
PRGO,PERRIGO PLC,Health Care,Equity
LCID,LUCID GROUP INC,Consumer Discretionary,Equity
YETI,YETI HOLDINGS INC,Consumer Discretionary,Equity
ASH,ASHLAND INC,Materials,Equity
HOG,HARLEY DAVIDSON INC,Consumer Discretionary,Equity
DNB,DUN BRADST HLDG INC,Industrials,Equity
VKTX,VIKING THERAPEUTICS INC,Health Care,Equity
CACC,CREDIT ACCEPTANCE CORP,Financials,Equity
OLN,OLIN CORP,Materials,Equity
ZI,ZOOMINFO TECHNOLOGIES INC,Communication,Equity
ALGM,ALLEGRO MICROSYSTEMS INC,Information Technology,Equity
HIW,HIGHWOODS PROPERTIES REIT INC,Real Estate,Equity
MP,MP MATERIALS CORP CLASS A,Materials,Equity
VAC,MARRIOTT VACATIONS WORLDWIDE CORP,Consumer Discretionary,Equity
VIRT,VIRTU FINANCIAL INC CLASS A,Financials,Equity
PAG,PENSKE AUTOMOTIVE GROUP VOTING INC,Consumer Discretionary,Equity
DV,DOUBLEVERIFY HOLDINGS INC,Information Technology,Equity
WU,WESTERN UNION,Financials,Equity
MRP,MILLROSE PROPERTIES INC CLASS A,Consumer Discretionary,Equity
COLM,COLUMBIA SPORTSWEAR,Consumer Discretionary,Equity
NWL,NEWELL BRANDS INC,Consumer Discretionary,Equity
AMED,AMEDISYS INC,Health Care,Equity
SMG,SCOTTS MIRACLE GRO,Materials,Equity
CXT,CRANE NXT,Information Technology,Equity
MPW,MEDICAL PROPERTIES TRUST REIT INC,Real Estate,Equity
RNG,RINGCENTRAL INC CLASS A,Information Technology,Equity
AAP,ADVANCE AUTO PARTS INC,Consumer Discretionary,Equity
FIVN,FIVE9 INC,Information Technology,Equity
HUN,HUNTSMAN CORP,Materials,Equity
APLS,APELLIS PHARMACEUTICALS INC,Health Care,Equity
NCNO,NCINO INC,Information Technology,Equity
PK,PARK HOTELS RESORTS INC,Real Estate,Equity
MAN,MANPOWER INC,Industrials,Equity
CPRI,CAPRI HOLDINGS LTD,Consumer Discretionary,Equity
NSA,NATIONAL STORAGE AFFILIATES TRUST,Real Estate,Equity
AMKR,AMKOR TECHNOLOGY INC,Information Technology,Equity
QDEL,QUIDELORTHO CORP,Health Care,Equity
WEN,WENDYS,Consumer Discretionary,Equity
TDC,TERADATA CORP,Information Technology,Equity
BOKF,BOK FINANCIAL CORP,Financials,Equity
AZTA,AZENTA INC,Health Care,Equity
AMTM,AMENTUM HOLDINGS INC,Industrials,Equity
ECG,EVERUS CONSTRUCTION GROUP INC,Industrials,Equity
HHH,HOWARD HUGHES HOLDINGS INC,Real Estate,Equity
CC,CHEMOURS,Materials,Equity
ENOV,ENOVIS CORP,Health Care,Equity
JWN,NORDSTROM INC,Consumer Discretionary,Equity
ADT,ADT INC,Consumer Discretionary,Equity
PII,POLARIS INC,Consumer Discretionary,Equity
DJT,TRUMP MEDIA TECHNOLOGY GROUP CORP,Communication,Equity
CNXC,CONCENTRIX CORP,Industrials,Equity
CWEN,CLEARWAY ENERGY INC CLASS C,Utilities,Equity
COTY,COTY INC CLASS A,Consumer Staples,Equity
BIRK,BIRKENSTOCK HOLDING PLC,Consumer Discretionary,Equity
SAM,BOSTON BEER INC CLASS A,Consumer Staples,Equity
PPC,PILGRIMS PRIDE CORP,Consumer Staples,Equity
SPB,SPECTRUM BRANDS HOLDINGS INC,Consumer Staples,Equity
HAYW,HAYWARD HOLDINGS INC,Industrials,Equity
LOAR,LOAR HOLDINGS INC,Industrials,Equity
SHC,SOTERA HEALTH COMPANY,Health Care,Equity
CLVT,CLARIVATE PLC,Industrials,Equity
CRI,CARTERS INC,Consumer Discretionary,Equity
FWONA,LIBERTY MEDIA FORMULA ONE CORP SER,Communication,Equity
LBTYK,LIBERTY GLOBAL LTD CLASS C,Communication,Equity
VSTS,VESTIS CORP,Industrials,Equity
PYCR,PAYCOR HCM INC,Industrials,Equity
IPGP,IPG PHOTONICS CORP,Information Technology,Equity
TRIP,TRIPADVISOR INC,Communication,Equity
SARO,STANDARDAERO,Industrials,Equity
QS,QUANTUMSCAPE CORP CLASS A,Consumer Discretionary,Equity
PINC,PREMIER INC CLASS A,Health Care,Equity
LBTYA,LIBERTY GLOBAL LTD CLASS A,Communication,Equity
RKT,ROCKET COMPANIES INC CLASS A,Financials,Equity
AS,AMER SPORTS INC,Consumer Discretionary,Equity
CERT,CERTARA INC,Health Care,Equity
CAR,AVIS BUDGET GROUP INC,Industrials,Equity
INFA,INFORMATICA INC CLASS A,Information Technology,Equity
GO,GROCERY OUTLET HOLDING CORP,Consumer Staples,Equity
BFA,BROWN FORMAN CORP CLASS A,Consumer Staples,Equity
LLYVA,LIBERTY MEDIA LIBERTY LIVE CORP SE,Communication,Equity
GRAL,GRAIL INC,Other,Equity
DDS,DILLARDS INC CLASS A,Consumer Discretionary,Equity
UI,UBIQUITI INC,Information Technology,Equity
LEG,LEGGETT & PLATT INC,Consumer Discretionary,Equity
UAA,UNDER ARMOUR INC CLASS A,Consumer Discretionary,Equity
LENB,LENNAR CORP CLASS B,Consumer Discretionary,Equity
FTRE,FORTREA HOLDINGS INC,Health Care,Equity
LBRDA,LIBERTY BROADBAND CORP SERIES A,Communication,Equity
TXG,10X GENOMICS INC CLASS A,Health Care,Equity
UA,UNDER ARMOUR INC CLASS C,Consumer Discretionary,Equity
KSS,KOHLS CORP,Consumer Discretionary,Equity
SNDR,SCHNEIDER NATIONAL INC CLASS B,Industrials,Equity
REYN,REYNOLDS CONSUMER PRODUCTS INC,Consumer Staples,Equity
CNA,CNA FINANCIAL CORP,Financials,Equity
CWENA,CLEARWAY ENERGY INC CLASS A,Utilities,Equity
TFSL,TFS FINANCIAL CORP,Financials,Equity
NFE,NEW FORTRESS ENERGY INC CLASS A,Energy,Equity
WOLF,WOLFSPEED INC,Information Technology,Equity
UHAL,U HAUL HOLDING,Industrials,Equity
SEB,SEABOARD CORP,Consumer Staples,Equity
UWMC,UWM HOLDINGS CORP CLASS A,Financials,Equity
PLTK,PLAYTIKA HOLDING CORP,Communication,Equity
INGM,INGRAM MICRO HOLDING CORP,Information Technology,Equity
PARAA,PARAMOUNT GLOBAL CLASS A,Communication,Equity
SEG,SEAPORT ENTERTAINMENT GROUP INC,Real Estate,Equity
--,ESC GCI LIBERTY INC SR ESCROW,Communication,Equity
FAH5,S&P MID 400 EMINI MAR 25,Cash and/or Derivatives,Futures
ESH5,S&P500 EMINI MAR 25,Cash and/or Derivatives,Futures
